source,target
Drew Barrymore,Cameron Diaz
Drew Barrymore,Gwyneth Paltrow
Drew Barrymore,Joan Allen
Drew Barrymore,Maya Rudolph
Drew Barrymore,Michaela Jill Murphy
Drew Barrymore,Toni Collette
Drew Barrymore,Kristen Wiig
Drew Barrymore,Catherine O'Hara
Drew Barrymore,Julia Roberts
Drew Barrymore,Courteney Cox
Frances McDormand,Jennifer Aniston
Frances McDormand,Charlize Theron
Frances McDormand,Joan Cusack
Frances McDormand,Zooey Deschanel
Frances McDormand,Laura Linney
Frances McDormand,Scarlett Johansson
Frances McDormand,Jessica Chastain
Frances McDormand,Anna Paquin
Frances McDormand,Kerry Condon
Frances McDormand,Rooney Mara
Frances McDormand,Cate Blanchett
Frances McDormand,Amy Adams
Béatrice Macola,Embeth Davidtz
Courteney Cox,Jennifer Aniston
Courteney Cox,Anna Paquin
Courteney Cox,Maggie Wheeler
Courteney Cox,Lisa Kudrow
Courteney Cox,Kristen Bell
Courteney Cox,Suzanne Pleshette
Dana Gaier,Julie Andrews
Dana Gaier,Kristen Wiig
Dana Gaier,Jenny Slate
Sandra Bullock,Gwyneth Paltrow
Sandra Bullock,Allison Janney
Sandra Bullock,Sigourney Weaver
Sandra Bullock,Maisie Williams
Sandra Bullock,Mindy Kaling
Sandra Bullock,Melissa McCarthy
Sandra Bullock,Anne Hathaway
Sandra Bullock,Cate Blanchett
Bryce Dallas Howard,Sigourney Weaver
Bryce Dallas Howard,Helena Bonham Carter
Bryce Dallas Howard,Kirsten Dunst
Bryce Dallas Howard,Allison Janney
Bryce Dallas Howard,Rosemary Harris
Bryce Dallas Howard,Jessica Chastain
Bryce Dallas Howard,Emma Stone
Bryce Dallas Howard,Anna Kendrick
Leslie Bibb,Joan Cusack
Leslie Bibb,Gwyneth Paltrow
Leslie Bibb,Toni Collette
Leslie Bibb,Annie Potts
Leslie Bibb,Christian Serratos
Leslie Bibb,Carrie Coon
Leslie Bibb,Scarlett Johansson
Leslie Bibb,Allison Janney
Leslie Bibb,Alyson Hannigan
Leslie Bibb,Isla Fisher
Leslie Bibb,Jennifer Coolidge
Leslie Bibb,Melissa McCarthy
Leslie Bibb,Michelle Monaghan
Leslie Bibb,Amy Adams
Leslie Bibb,Kristen Wiig
Mary Kay Bergman,Eliza Schneider
Mary Kay Bergman,Jessica Makinson
Betty Gabriel,Marisa Tomei
Betty Gabriel,Allison Williams
Halle Berry,Rebecca Romijn
Halle Berry,Anna Paquin
Halle Berry,Abigail Breslin
Halle Berry,Jennifer Lawrence
Laura Linney,Sigourney Weaver
Laura Linney,Emma Thompson
Laura Linney,Kate Winslet
Laura Linney,Bonnie Hunt
Laura Linney,Megan Fox
Laura Linney,Misty Rosas
Laura Linney,Scarlett Johansson
Laura Linney,Allison Janney
Laura Linney,Elizabeth Banks
Laura Linney,Tina Fey
Laura Linney,Rebecca Hall
Laura Linney,Heidi Schanz
Laura Linney,Amy Poehler
Laura Linney,Isla Fisher
Laura Linney,Anna Paquin
Laura Linney,Michelle Williams
Laura Linney,Amy Adams
Laura Linney,Catherine O'Hara
Charlize Theron,Natalie Portman
Charlize Theron,Margot Robbie
Charlize Theron,Uma Thurman
Charlize Theron,Connie Nielsen
Charlize Theron,Kristen Bell
Charlize Theron,Liv Tyler
Charlize Theron,Allison Janney
Charlize Theron,Emily Blunt
Charlize Theron,Zoë Kravitz
Charlize Theron,Michelle Rodriguez
Charlize Theron,Collette Wolfe
Charlize Theron,Jessica Chastain
Charlize Theron,Jordana Brewster
Charlize Theron,Jennifer Coolidge
Charlize Theron,Rooney Mara
Charlize Theron,Chloë Grace Moretz
Charlize Theron,Anne Hathaway
Charlize Theron,Zendaya
Charlize Theron,Catherine O'Hara
Julie Andrews,Cameron Diaz
Julie Andrews,Jenny Slate
Julie Andrews,Idina Menzel
Julie Andrews,Anne Hathaway
Julie Andrews,Amy Adams
Julie Andrews,Kristen Wiig
Rose Byrne,Cameron Diaz
Rose Byrne,Cate Blanchett
Rose Byrne,Lisa Kudrow
Rose Byrne,Elizabeth Banks
Rose Byrne,Margot Robbie
Rose Byrne,Vera Farmiga
Rose Byrne,Daisy Ridley
Rose Byrne,Elizabeth Debicki
Rose Byrne,Tina Fey
Rose Byrne,Jennifer Lawrence
Rose Byrne,Lara Robinson
Rose Byrne,Maya Rudolph
Rose Byrne,Jennifer Coolidge
Rose Byrne,Melissa McCarthy
Rose Byrne,Chloë Grace Moretz
Rose Byrne,Kathryn Hahn
Rose Byrne,Kristen Wiig
Rose Byrne,Rebel Wilson
Rose Byrne,Sophie Turner
Ritu Arya,Gal Gadot
Ritu Arya,Margot Robbie
Rooney Mara,Natalie Portman
Rooney Mara,Robin Wright
Rooney Mara,Cate Blanchett
Rooney Mara,Toni Collette
Rooney Mara,Catherine Zeta-Jones
Rooney Mara,Amy Adams
Rooney Mara,Scarlett Johansson
Rooney Mara,Brie Larson
Rooney Mara,Emma Roberts
Angelina Jolie,Winona Ryder
Angelina Jolie,Renée Zellweger
Angelina Jolie,Gwyneth Paltrow
Angelina Jolie,Robin Wright
Angelina Jolie,Cate Blanchett
Angelina Jolie,Vicki Lewis
Angelina Jolie,Michelle Monaghan
Hailee Steinfeld,Connie Nielsen
Hailee Steinfeld,Linda Cardellini
Hailee Steinfeld,Vera Farmiga
Hailee Steinfeld,Anna Kendrick
Hailee Steinfeld,Keira Knightley
Hailee Steinfeld,Abigail Breslin
Hailee Steinfeld,Kristen Wiig
Hailee Steinfeld,Rebel Wilson
Hailee Steinfeld,Zoë Kravitz
Hailee Steinfeld,Florence Pugh
Hailee Steinfeld,Sophie Turner
Bonnie Hunt,Sigourney Weaver
Bonnie Hunt,Renée Zellweger
Bonnie Hunt,Kirsten Dunst
Bonnie Hunt,Marisa Tomei
Bonnie Hunt,Jenny Slate
Linda Cardellini,Joan Cusack
Linda Cardellini,Lisa Kudrow
Linda Cardellini,Vera Farmiga
Linda Cardellini,Isla Fisher
Linda Cardellini,Florence Pugh
Linda Cardellini,Jennifer Coolidge
Linda Cardellini,Kristen Wiig
Stephanie Hsu,Catherine O'Hara
Stephanie Hsu,Maya Rudolph
Stephanie Hsu,Emily Blunt
Stephanie Hsu,Lupita Nyong'o
Stephanie Hsu,Jenny Slate
Cate Blanchett,Julianne Moore
Cate Blanchett,Natalie Portman
Cate Blanchett,Helena Bonham Carter
Cate Blanchett,Gwyneth Paltrow
Cate Blanchett,Meryl Streep
Cate Blanchett,Elizabeth Banks
Cate Blanchett,Jennifer Lawrence
Cate Blanchett,Toni Collette
Cate Blanchett,Vicki Lewis
Cate Blanchett,Anne Hathaway
Cate Blanchett,Kristen Wiig
Cate Blanchett,Connie Nielsen
Cate Blanchett,Mindy Kaling
Cate Blanchett,Rachel McAdams
Cate Blanchett,Rosemary Harris
Rebecca Romijn,Anna Paquin
Rebecca Romijn,Karen Gillan
Jessica Barth,Mila Kunis
Bonnie Wright,Emma Watson
Jodie Foster,Jenny Slate
Jodie Foster,Kate Winslet
Jodie Foster,Kasi Lemmons
Jodie Foster,Abigail Breslin
Jodie Foster,Jennifer Lawrence
Kate Winslet,Jennifer Connelly
Kate Winslet,Cameron Diaz
Kate Winslet,Sigourney Weaver
Kate Winslet,Kirsten Dunst
Kate Winslet,Gwyneth Paltrow
Kate Winslet,Emma Thompson
Kate Winslet,Megan Fox
Kate Winslet,Gloria Stuart
Kate Winslet,Zoë Kravitz
Kate Winslet,Keira Knightley
Kate Winslet,Zoe Saldaña
Kate Winslet,Toni Collette
Kate Winslet,Mackenzie Foy
Kate Winslet,Gal Gadot
Meryl Streep,Julianne Moore
Meryl Streep,Julia Roberts
Meryl Streep,Uma Thurman
Meryl Streep,Renée Zellweger
Meryl Streep,Helena Bonham Carter
Meryl Streep,Anna Kendrick
Meryl Streep,Allison Janney
Meryl Streep,Emily Blunt
Meryl Streep,Rebecca Ferguson
Meryl Streep,Jennifer Lawrence
Meryl Streep,Alison Brie
Meryl Streep,Toni Collette
Meryl Streep,Emma Thompson
Meryl Streep,Anne Hathaway
Meryl Streep,Amy Adams
Meryl Streep,Carrie Coon
Meryl Streep,Abigail Breslin
Meryl Streep,Carey Mulligan
Meryl Streep,Catherine O'Hara
Toni Collette,Cameron Diaz
Toni Collette,Gwyneth Paltrow
Toni Collette,Rene Russo
Toni Collette,Anna Faris
Toni Collette,Anna Kendrick
Toni Collette,Allison Janney
Toni Collette,Jessica Biel
Toni Collette,Ana de Armas
Toni Collette,Sophie Turner
Toni Collette,Brie Larson
Toni Collette,Katherine Langford
Toni Collette,Scarlett Johansson
Toni Collette,Abigail Breslin
Toni Collette,Maya Rudolph
Toni Collette,Melissa McCarthy
Toni Collette,Lisa Kudrow
Isla Fisher,Jennifer Aniston
Isla Fisher,Joan Cusack
Isla Fisher,Kirsten Dunst
Isla Fisher,Jessica Biel
Isla Fisher,Amy Adams
Isla Fisher,Lizzy Caplan
Isla Fisher,Sarah Chalke
Isla Fisher,Abigail Breslin
Isla Fisher,Amy Poehler
Isla Fisher,Maggie Wheeler
Isla Fisher,Rachel McAdams
Isla Fisher,Gal Gadot
Isla Fisher,Rebel Wilson
Joan Allen,Julianne Moore
Joan Allen,Winona Ryder
Joan Allen,Sigourney Weaver
Joan Allen,Brie Larson
Joan Allen,Lizzy Caplan
Joan Allen,Anna Paquin
Joan Allen,Rachel McAdams
Spencer Grammer,Sarah Chalke
Lizzy Caplan,Kirsten Dunst
Lizzy Caplan,Amy Poehler
Lizzy Caplan,Anjana Vasan
Lizzy Caplan,Rachel McAdams
Lizzy Caplan,Tina Fey
Lizzy Caplan,Daveigh Chase
Lizzy Caplan,Rebel Wilson
Lizzy Caplan,Mindy Kaling
Lizzy Caplan,Alison Brie
Julia Butters,Michelle Williams
Julia Butters,Alison Brie
Julia Butters,Ana de Armas
Julia Butters,Margot Robbie
Chloë Grace Moretz,Julianne Moore
Chloë Grace Moretz,Helena Bonham Carter
Chloë Grace Moretz,Catherine O'Hara
Chloë Grace Moretz,Allison Janney
Chloë Grace Moretz,Carrie-Anne Moss
Chloë Grace Moretz,Sasha Barrese
Chloë Grace Moretz,Zooey Deschanel
Chloë Grace Moretz,Keira Knightley
Chloë Grace Moretz,Blake Lively
Chloë Grace Moretz,Jessica Chastain
Chloë Grace Moretz,Jennifer Lawrence
Chloë Grace Moretz,Jenny Slate
Rachel Weisz,Amy Poehler
Rachel Weisz,Emma Stone
Rachel Weisz,Florence Pugh
Rachel Weisz,Rachel McAdams
Rachel Weisz,Scarlett Johansson
Rachel Weisz,Elizabeth Banks
Rachel Weisz,Abigail Breslin
Rachel Weisz,Mila Kunis
Rachel Weisz,Michelle Williams
Rachel Weisz,Rosemary Harris
Christian Serratos,Anna Kendrick
Christian Serratos,Danai Gurira
Christian Serratos,Lauren Cohan
Emma Roberts,Jennifer Aniston
Emma Roberts,Lisa Kudrow
Emma Roberts,Zoë Kravitz
Emma Roberts,Abigail Breslin
Emma Roberts,Kathryn Hahn
Marisa Tomei,Jennifer Connelly
Marisa Tomei,Julianne Moore
Marisa Tomei,Joan Cusack
Marisa Tomei,Gwyneth Paltrow
Marisa Tomei,Emma Stone
Marisa Tomei,Anne Hathaway
Marisa Tomei,Zendaya
Marisa Tomei,Catherine O'Hara
Marisa Tomei,Rosemary Harris
Anne Hathaway,Julia Roberts
Anne Hathaway,Helena Bonham Carter
Anne Hathaway,Rene Russo
Anne Hathaway,Leslie Mann
Anne Hathaway,Emily Blunt
Anne Hathaway,Tina Fey
Anne Hathaway,Mindy Kaling
Anne Hathaway,Collette Wolfe
Anne Hathaway,Jessica Biel
Anne Hathaway,Jessica Chastain
Anne Hathaway,Zendaya
Anne Hathaway,Mackenzie Foy
Anne Hathaway,Rebel Wilson
Gwyneth Paltrow,Jennifer Aniston
Gwyneth Paltrow,Sigourney Weaver
Gwyneth Paltrow,Scarlett Johansson
Gwyneth Paltrow,Rebecca Hall
Gwyneth Paltrow,Zendaya
Gwyneth Paltrow,Lena Headey
Emma Thompson,Helena Bonham Carter
Emma Thompson,Nicole Scherzinger
Emma Thompson,Emilia Clarke
Emma Thompson,Rebecca Ferguson
Emma Thompson,Maggie Gyllenhaal
Emma Thompson,Mindy Kaling
Emma Thompson,Zoe Saldaña
Emma Thompson,Emma Stone
Emma Thompson,Florence Pugh
Lauren Cohan,Danai Gurira
Renée Zellweger,Natalie Portman
Renée Zellweger,Winona Ryder
Renée Zellweger,Robin Wright
Renée Zellweger,Dana Gourrier
Renée Zellweger,Catherine Zeta-Jones
Renée Zellweger,Allison Janney
Julianne Moore,Joan Cusack
Julianne Moore,Lupita Nyong'o
Julianne Moore,Liv Tyler
Julianne Moore,Elizabeth Banks
Julianne Moore,Sigourney Weaver
Julianne Moore,Rebecca Hall
Julianne Moore,Maggie Gyllenhaal
Julianne Moore,Jennifer Lawrence
Julianne Moore,Jessica Biel
Julianne Moore,Natalie Portman
Julianne Moore,Michelle Williams
Julianne Moore,Amy Adams
Julianne Moore,Brie Larson
Julianne Moore,Scarlett Johansson
Julianne Moore,Willow Shields
Julianne Moore,Maya Rudolph
Julianne Moore,Emma Stone
Dafne Keen,Leslie Uggams
Dafne Keen,Morena Baccarin
Helena Bonham Carter,Winona Ryder
Helena Bonham Carter,Carey Mulligan
Helena Bonham Carter,Millie Bobby Brown
Helena Bonham Carter,Lena Headey
Helena Bonham Carter,Eugenie Bondurant
Keira Knightley,Embeth Davidtz
Keira Knightley,Carrie Coon
Keira Knightley,Mackenzie Foy
Keira Knightley,Carey Mulligan
Keira Knightley,Eva Mendes
Katherine Langford,Ana de Armas
Michelle Rodriguez,Sigourney Weaver
Michelle Rodriguez,Bridget Moynahan
Michelle Rodriguez,Jordana Brewster
Michelle Rodriguez,Zoe Saldaña
Michelle Rodriguez,Sophia Lillis
Michelle Rodriguez,Evangeline Lilly
Michelle Rodriguez,Carrie Coon
Michelle Rodriguez,Elizabeth Debicki
Michelle Rodriguez,Gal Gadot
Mila Kunis,Natalie Portman
Mila Kunis,Winona Ryder
Mila Kunis,Kirsten Dunst
Mila Kunis,Allison Janney
Mila Kunis,Kristen Bell
Mila Kunis,Jessica Chastain
Mila Kunis,Zoe Saldaña
Mila Kunis,Kathryn Hahn
Mila Kunis,Michelle Williams
Mila Kunis,Kristen Wiig
Lisa Kudrow,Jennifer Aniston
Lisa Kudrow,Natalie Portman
Lisa Kudrow,Anna Kendrick
Lisa Kudrow,Allison Janney
Lisa Kudrow,Emily Blunt
Lisa Kudrow,Rebecca Ferguson
Lisa Kudrow,Maggie Gyllenhaal
Lisa Kudrow,Jessica Biel
Lisa Kudrow,Emma Stone
Lisa Kudrow,Jennifer Coolidge
Lisa Kudrow,Maggie Wheeler
Anna Paquin,Robin Wright
Anna Paquin,Zooey Deschanel
Anna Paquin,Kristen Bell
Anna Paquin,Allison Janney
Anna Paquin,Jennifer Lawrence
Tina Fey,Sigourney Weaver
Tina Fey,Margot Robbie
Tina Fey,Amy Poehler
Tina Fey,Maya Rudolph
Tina Fey,Kathryn Hahn
Tina Fey,Rachel McAdams
Tina Fey,Kristen Wiig
Melissa McCarthy,Allison Janney
Melissa McCarthy,Elizabeth Banks
Melissa McCarthy,Kristen Bell
Melissa McCarthy,Pom Klementieff
Melissa McCarthy,Maya Rudolph
Melissa McCarthy,Kristen Wiig
Brianna Hildebrand,Leslie Uggams
Brianna Hildebrand,Morena Baccarin
Brianna Hildebrand,Zazie Beetz
Anya Chalotra,Freya Allan
Emily Blunt,Catherine O'Hara
Emily Blunt,Allison Janney
Emily Blunt,Amy Adams
Emily Blunt,Rebecca Ferguson
Emily Blunt,Anna Kendrick
Emily Blunt,Alison Brie
Emily Blunt,Jessica Chastain
Margot Robbie,Allison Janney
Margot Robbie,Kerry Condon
Margot Robbie,Michelle Williams
Margot Robbie,Rachel McAdams
Margot Robbie,Daisy Ridley
Margot Robbie,Elizabeth Debicki
Margot Robbie,Anya Taylor-Joy
Devon Aoki,Jordana Brewster
Devon Aoki,Eva Mendes
Iris Apatow,Leslie Mann
Iris Apatow,Megan Fox
Iris Apatow,Kristen Wiig
Kristen Wiig,Joan Cusack
Kristen Wiig,Kirsten Dunst
Kristen Wiig,Robin Wright
Kristen Wiig,Connie Nielsen
Kristen Wiig,Allison Janney
Kristen Wiig,Elizabeth Banks
Kristen Wiig,Amy Poehler
Kristen Wiig,Maya Rudolph
Kristen Wiig,Kathryn Hahn
Kristen Wiig,Morena Baccarin
Kristen Wiig,Marielle Heller
Kristen Wiig,Mindy Kaling
Kristen Wiig,Alison Brie
Kristen Wiig,Jessica Chastain
Kristen Wiig,Jenny Slate
Kristen Wiig,Gal Gadot
Kristen Wiig,Rebel Wilson
Elizabeth Olsen,Sigourney Weaver
Elizabeth Olsen,Allison Janney
Elizabeth Olsen,Scarlett Johansson
Elizabeth Olsen,Pom Klementieff
Elizabeth Olsen,Cristin Milioti
Elizabeth Olsen,Carrie Coon
Elizabeth Olsen,Kelsey Asbille
Elizabeth Olsen,Kathryn Hahn
Elizabeth Olsen,Rachel McAdams
Julia Roberts,Jennifer Aniston
Julia Roberts,Cameron Diaz
Julia Roberts,Natalie Portman
Julia Roberts,Joan Cusack
Julia Roberts,Catherine Zeta-Jones
Julia Roberts,Abigail Breslin
Julia Roberts,Maggie Gyllenhaal
Julia Roberts,Kirsten Dunst
Julia Roberts,Jessica Biel
Julia Roberts,Carrie-Anne Moss
Julia Roberts,Amy Adams
Abigail Breslin,Cameron Diaz
Abigail Breslin,Joan Cusack
Abigail Breslin,Catherine Zeta-Jones
Abigail Breslin,Nicole Scherzinger
Abigail Breslin,Emma Stone
Abby Ryder Fortson,Rachel McAdams
Abby Ryder Fortson,Evangeline Lilly
Abby Ryder Fortson,Dana Gourrier
Zoe Saldaña,Sigourney Weaver
Zoe Saldaña,Kirsten Dunst
Zoe Saldaña,Catherine Zeta-Jones
Zoe Saldaña,Scarlett Johansson
Zoe Saldaña,Pom Klementieff
Zoe Saldaña,Cynthia Addai-Robinson
Zoe Saldaña,Karen Gillan
Zoë Kravitz,Carrie-Anne Moss
Zoë Kravitz,Scarlett Johansson
Zoë Kravitz,Carrie Coon
Alyson Hannigan,Sarah Chalke
Alyson Hannigan,Cristin Milioti
Alyson Hannigan,Brie Larson
Alyson Hannigan,Jennifer Coolidge
Alyson Hannigan,Cobie Smulders
Rebecca Hall,Catherine Zeta-Jones
Rebecca Hall,Blake Lively
Rebecca Hall,Scarlett Johansson
Rebecca Hall,Millie Bobby Brown
Idina Menzel,Amy Adams
Idina Menzel,Kristen Bell
Idina Menzel,Maya Rudolph
Emma Stone,Sally Field
Emma Stone,Embeth Davidtz
Emma Stone,Allison Janney
Emma Stone,Leslie Mann
Emma Stone,Aviva Baumann
Emma Stone,Anna Faris
Emma Stone,Rachel McAdams
Emma Stone,Jessica Chastain
Erin Moriarty,Jessica Makinson
Daisy Ridley,Lupita Nyong'o
Daisy Ridley,Elizabeth Debicki
Anya Taylor-Joy,Sigourney Weaver
Anya Taylor-Joy,Rebecca Ferguson
Anya Taylor-Joy,Brie Larson
Anya Taylor-Joy,Marielle Heller
Anya Taylor-Joy,Maisie Williams
Anya Taylor-Joy,Zendaya
Anya Taylor-Joy,Florence Pugh
Zazie Beetz,Natalie Portman
Zazie Beetz,Catherine O'Hara
Zazie Beetz,Leslie Uggams
Zazie Beetz,Morena Baccarin
Monique Gabriela Curnen,Maggie Gyllenhaal
Lena Headey,Liv Tyler
Lena Headey,Emilia Clarke
Lena Headey,Melissa Benoist
Lena Headey,Maisie Williams
Lena Headey,Karen Gillan
Lena Headey,Florence Pugh
Lena Headey,Sophie Turner
Lena Headey,Freya Allan
Leslie Mann,Jennifer Aniston
Leslie Mann,Cameron Diaz
Leslie Mann,Allison Janney
Leslie Mann,Megan Fox
Leslie Mann,Anna Kendrick
Leslie Mann,Elizabeth Banks
Leslie Mann,Alison Brie
Leslie Mann,Emma Watson
Leslie Mann,Rebel Wilson
Robin Wright,Winona Ryder
Robin Wright,Joan Cusack
Robin Wright,Sally Field
Robin Wright,Vera Farmiga
Robin Wright,Lucy Davis
Robin Wright,Connie Nielsen
Robin Wright,Ana de Armas
Robin Wright,Rachel McAdams
Robin Wright,Millie Bobby Brown
Robin Wright,Gal Gadot
Natalie Portman,Joan Cusack
Natalie Portman,Catherine Zeta-Jones
Natalie Portman,Zooey Deschanel
Natalie Portman,Scarlett Johansson
Natalie Portman,Mindy Kaling
Natalie Portman,Winona Ryder
Natalie Portman,Carey Mulligan
Jennifer Coolidge,Sally Field
Jennifer Coolidge,Catherine O'Hara
Jennifer Coolidge,Anna Faris
Jennifer Coolidge,Carrie Coon
Jennifer Coolidge,Alison Brie
Jennifer Coolidge,Maya Rudolph
Jennifer Coolidge,Michelle Monaghan
Jennifer Coolidge,Carey Mulligan
Jennifer Coolidge,Eva Mendes
Suzanne Shepherd,Jennifer Connelly
Suzanne Shepherd,Marcia Jean Kurtz
Willow Shields,Elizabeth Banks
Willow Shields,Jennifer Lawrence
Morena Baccarin,Sigourney Weaver
Morena Baccarin,Leslie Uggams
Morena Baccarin,Jessica Chastain
Morena Baccarin,Alison Brie
Carrie Coon,Liv Tyler
Carrie Coon,Annie Potts
Carrie Coon,Jessica Biel
Carrie Coon,Michelle Monaghan
Carrie Coon,Alison Brie
Carrie Coon,Elizabeth Debicki
Daveigh Chase,Vicki Lewis
Daveigh Chase,Suzanne Pleshette
Daveigh Chase,Maggie Gyllenhaal
Sarah Chalke,Anna Faris
Sarah Chalke,Collette Wolfe
Joan Cusack,Jennifer Aniston
Joan Cusack,Annie Potts
Joan Cusack,Catherine Zeta-Jones
Joan Cusack,Brie Larson
Joan Cusack,Ellen DeGeneres
Joan Cusack,Amy Poehler
Joan Cusack,Maya Rudolph
Vera Farmiga,Winona Ryder
Vera Farmiga,Eugenie Bondurant
Vera Farmiga,Anna Kendrick
Vera Farmiga,Florence Pugh
Vera Farmiga,Michelle Monaghan
Vera Farmiga,Mackenzie Foy
Vera Farmiga,Millie Bobby Brown
Allison Janney,Kirsten Dunst
Allison Janney,Ellen DeGeneres
Allison Janney,Catherine O'Hara
Allison Janney,Anna Faris
Allison Janney,Blake Lively
Allison Janney,Anna Kendrick
Allison Janney,Melissa Benoist
Allison Janney,Rebecca Ferguson
Allison Janney,Maggie Gyllenhaal
Allison Janney,Jessica Chastain
Allison Janney,Vicki Lewis
Allison Janney,Kathryn Hahn
Allison Janney,Michelle Monaghan
Allison Janney,Amy Adams
Allison Janney,Kristen Bell
Allison Janney,Rebel Wilson
Allison Janney,Maya Rudolph
Allison Janney,Cynthia Addai-Robinson
Michelle Williams,Sigourney Weaver
Michelle Williams,Kirsten Dunst
Michelle Williams,Elizabeth Banks
Michelle Williams,Rebecca Ferguson
Michelle Williams,Jenny Slate
Michelle Williams,Zendaya
Kerry Condon,Maisie Williams
Jennifer Lawrence,Elizabeth Banks
Jennifer Lawrence,Amy Adams
Jennifer Lawrence,Jessica Chastain
Jennifer Lawrence,Sophie Turner
Leslie Uggams,Michelle Monaghan
Sophie Rundle,Rebecca Ferguson
Scarlett Johansson,Jessica Biel
Scarlett Johansson,Amy Adams
Scarlett Johansson,Anna Faris
Scarlett Johansson,Brie Larson
Scarlett Johansson,Lupita Nyong'o
Scarlett Johansson,Florence Pugh
Scarlett Johansson,Cobie Smulders
Scarlett Johansson,Rebel Wilson
Scarlett Johansson,Eva Mendes
Jessica Biel,Uma Thurman
Jessica Biel,Kirsten Dunst
Jessica Biel,Catherine Zeta-Jones
Jessica Biel,Danai Gurira
Jessica Biel,Elizabeth Banks
Jessica Biel,Maisie Williams
Suzy Amis,Uma Thurman
Jessica Chastain,Marcia Jean Kurtz
Jessica Chastain,Lupita Nyong'o
Jessica Chastain,Collette Wolfe
Jessica Chastain,Mackenzie Foy
Jessica Chastain,Millie Bobby Brown
Jessica Chastain,Sophie Turner
Angela Kinsey,Phyllis Smith
Angela Kinsey,Mindy Kaling
Uma Thurman,Catherine Zeta-Jones
Uma Thurman,Anna Faris
Uma Thurman,Connie Nielsen
Uma Thurman,Julie Dreyfus
Uma Thurman,Maya Rudolph
Freya Allan,Karen Gillan
Sally Field,Embeth Davidtz
Eliza Schneider,Jessica Makinson
Jennifer Connelly,Jennifer Aniston
Jennifer Connelly,Kristen Bell
Jennifer Connelly,Liv Tyler
Jennifer Connelly,Winona Ryder
Jennifer Connelly,Marcia Jean Kurtz
Jennifer Connelly,Emma Watson
Mackenzie Foy,Rachel McAdams
Mackenzie Foy,Collette Wolfe
Sophie Turner,Maisie Williams
Sophie Turner,Emilia Clarke
Amy Poehler,Sigourney Weaver
Amy Poehler,Catherine O'Hara
Amy Poehler,Anna Faris
Amy Poehler,Mindy Kaling
Amy Poehler,Phyllis Smith
Amy Poehler,Maya Rudolph
Amy Poehler,Jenny Slate
Amy Poehler,Rachel McAdams
Amy Poehler,Cobie Smulders
Maya Rudolph,Catherine O'Hara
Maya Rudolph,Elizabeth Banks
Maya Rudolph,Amy Adams
Maya Rudolph,Kristen Bell
Maya Rudolph,Anna Faris
Maya Rudolph,Maggie Gyllenhaal
Maya Rudolph,Alison Brie
Maya Rudolph,Jenny Slate
Maya Rudolph,Rebel Wilson
Cameron Diaz,Jennifer Aniston
Cameron Diaz,Anna Kendrick
Cameron Diaz,Elizabeth Banks
Cameron Diaz,Phyllis Smith
Cameron Diaz,Jordana Brewster
Cameron Diaz,Zendaya
Anna Kendrick,Jennifer Aniston
Anna Kendrick,Elizabeth Banks
Anna Kendrick,Zooey Deschanel
Anna Kendrick,Blake Lively
Anna Kendrick,Brie Larson
Anna Kendrick,Ashley Dyke
Anna Kendrick,Alison Brie
Anna Kendrick,Cynthia Addai-Robinson
Anna Kendrick,Rebel Wilson
Cobie Smulders,Cristin Milioti
Jordana Brewster,Gal Gadot
Kristen Bell,Sigourney Weaver
Kristen Bell,Jenny Slate
Kristen Bell,Cynthia Addai-Robinson
Kristen Bell,Kathryn Hahn
Emilia Clarke,Maisie Williams
Pom Klementieff,Rebecca Ferguson
Pom Klementieff,Karen Gillan
Collette Wolfe,Anna Faris
Ellen DeGeneres,Vicki Lewis
Ellen DeGeneres,Gloria Stuart
Jenny Slate,Carrie-Anne Moss
Jenny Slate,Anna Faris
Jenny Slate,Brie Larson
Jenny Slate,Blake Lively
Maggie Gyllenhaal,Kirsten Dunst
Maggie Gyllenhaal,Catherine O'Hara
Phyllis Smith,Mindy Kaling
Florence Pugh,Rebecca Ferguson
Florence Pugh,Emma Watson
Florence Pugh,Maisie Williams
Florence Pugh,Zendaya
Sophia Lillis,Amy Adams
Zooey Deschanel,Jennifer Aniston
Zooey Deschanel,Elizabeth Banks
Zooey Deschanel,Megan Fox
Millie Bobby Brown,Winona Ryder
Rachel McAdams,Anna Faris
Rachel McAdams,Michelle Monaghan
Carrie-Anne Moss,Sigourney Weaver
Carrie-Anne Moss,Belinda McClory
Eva Mendes,Anna Faris
Kathryn Hahn,Jennifer Aniston
Kathryn Hahn,Catherine O'Hara
Kathryn Hahn,Elizabeth Banks
Maggie Wheeler,Jennifer Aniston
Sigourney Weaver,Winona Ryder
Sigourney Weaver,Lucy Davis
Sigourney Weaver,Elizabeth Banks
Michelle Monaghan,Rebecca Ferguson
Kirsten Dunst,Winona Ryder
Kirsten Dunst,Megan Fox
Kirsten Dunst,Amy Adams
Kirsten Dunst,Rosemary Harris
Kirsten Dunst,Rebel Wilson
Alison Brie,Elizabeth Banks
Alison Brie,Carey Mulligan
Alison Brie,Rebel Wilson
Elizabeth Debicki,Rebel Wilson
Danai Gurira,Lupita Nyong'o
Karen Gillan,Emma Watson
Catherine O'Hara,Winona Ryder
Catherine O'Hara,Lupita Nyong'o
Emma Watson,Mindy Kaling
Zendaya,Rebecca Ferguson
Lucy Davis,Connie Nielsen
Lucy Davis,Gal Gadot
Anjana Vasan,Cristin Milioti
Gal Gadot,Connie Nielsen
Gal Gadot,Amy Adams
Connie Nielsen,Amy Adams
